{
  "id": "b4692fe6-4984-63d8-67c3-fb71a6b3af32",
  "name": "Development",
  "values": [
    {
      "enabled": true,
      "key": "gatewayURL",
      "value": "https://gateway.api.cloud.wso2.com",
      "type": "text"
    },
    {
      "enabled": true,
      "key": "tenantDomain",
      "value": "cicd3857",
      "type": "text"
    },
    {
      "enabled": true,
      "key": "apiName",
      "value": "HelloAPI",
      "type": "text"
    },
    {
      "enabled": true,
      "key": "apiContext",
      "value": "hello",
      "type": "text"
    },
    {
      "enabled": true,
      "key": "apiVersion",
      "value": "1.0.0",
      "type": "text"
    },
    {
      "enabled": true,
      "key": "backendAPIEndpoint",
      "value": "https://cicd3857-helloservice-1-0-0.wso2apps.com",
      "type": "text"
    }
  ],
  "timestamp": 1521114763076,
  "_postman_variable_scope": "environment",
  "_postman_exported_at": "2018-03-15T11:53:48.681Z",
  "_postman_exported_using": "Postman/5.5.2"
}
