{
  "swagger" : "2.0",
  "info": {
    "description": "API Definition of Hello",
    "title": "Hello",
    "version": "1.0.0"
  },
  "paths" : {
    "/" : {
      "get" : {
        "operationId" : "get",
        "parameters" : [ ],
        "responses" : {
          "200" : {
            "description" : "successful operation",
            "schema" : {
              "type" : "string"
            },
            "headers" : { }
          }
        }
      },
      "post" : {
        "operationId" : "post",
        "parameters" : [ ],
        "responses" : {
          "default" : {
            "description" : "successful operation"
          }
        }
      },
      "put" : {
        "operationId" : "put",
        "parameters" : [ ],
        "responses" : {
          "default" : {
            "description" : "successful operation"
          }
        }
      },
      "delete" : {
        "operationId" : "delete",
        "parameters" : [ ],
        "responses" : {
          "default" : {
            "description" : "successful operation"
          }
        }
      }
    }
  }
}